Code,Area,Economically Inactive; Jan 2004-Dec 2004,Working age; Jan 2004-Dec 2004,percent; Jan 2004-Dec 2004,confidence; Jan 2004-Dec 2004,Economically Inactive; Jan 2005-Dec 2005,Working age; Jan 2005-Dec 2005,percent; Jan 2005-Dec 2005,confidence; Jan 2005-Dec 2005,Economically Inactive; Jan 2006-Dec 2006,Working age; Jan 2006-Dec 2006,percent; Jan 2006-Dec 2006,confidence; Jan 2006-Dec 2006,Economically Inactive; Jan 2007-Dec 2007,Working age; Jan 2007-Dec 2007,percent; Jan 2007-Dec 2007,confidence; Jan 2007-Dec 2007,Economically Inactive; Jan 2008-Dec 2008,Working age; Jan 2008-Dec 2008,percent; Jan 2008-Dec 2008,confidence; Jan 2008-Dec 2008,Economically Inactive; Jan 2009-Dec 2009,Working age; Jan 2009-Dec 2009,percent; Jan 2009-Dec 2009,confidence; Jan 2009-Dec 2009,Economically Inactive; Jan 2010-Dec 2010,Working age; Jan 2010-Dec 2010,percent; Jan 2010-Dec 2010,confidence; Jan 2010-Dec 2010,Economically Inactive; Jan 2011-Dec 2011,Working age; Jan 2011-Dec 2011,percent; Jan 2011-Dec 2011,confidence; Jan 2011-Dec 2011,Economically Inactive; Jan 2012-Dec 2012,Working age; Jan 2012-Dec 2012,percent; Jan 2012-Dec 2012,confidence; Jan 2012-Dec 2012,Economically Inactive; Jan 2013-Dec 2013,Working age; Jan 2013-Dec 2013,percent; Jan 2013-Dec 2013,confidence; Jan 2013-Dec 2013,Economically Inactive; Jan 2014-Dec 2014,Working age; Jan 2014-Dec 2014,percent; Jan 2014-Dec 2014,confidence; Jan 2014-Dec 2014,Economically Inactive; Jan 2015-Dec 2015,Working age; Jan 2015-Dec 2015,percent; Jan 2015-Dec 2015,confidence; Jan 2015-Dec 2015,Economically Inactive; Jan 2016-Dec 2016,Working age; Jan 2016-Dec 2016,percent; Jan 2016-Dec 2016,confidence; Jan 2016-Dec 2016,Economically Inactive; Jan 2017-Dec 2017,Working age; Jan 2017-Dec 2017,percent; Jan 2017-Dec 2017,confidence; Jan 2017-Dec 2017,Economically Inactive; Jan 2018-Dec 2018,Working age; Jan 2018-Dec 2018,percent; Jan 2018-Dec 2018,confidence; Jan 2018-Dec 2018,Economically Inactive; Jan 2019-Dec 2019,Working age; Jan 2019-Dec 2019,percent; Jan 2019-Dec 2019,confidence; Jan 2019-Dec 2019,Economically Inactive; Jan 2020-Dec 2020,Working age; Jan 2020-Dec 2020,percent; Jan 2020-Dec 2020,confidence; Jan 2020-Dec 2020
E09000001,City of London,!,"4,800",!,!,"2,000","8,900",22.3,*,"1,600","4,000",41.3,*,!,"3,400",!,!,!,"6,600",!,!,!,"5,500",!,!,!,"5,000",!,!,!,"2,100",!,!,!,"2,200",!,!,!,#,!,!,"1,900","2,900",64.8,*,"2,000","5,600",35.6,*,!,"6,100",!,!,"3,900","11,100",35.0,*,!,"7,500",!,!,!,"8,500",!,!,!,"9,100",!,!
E09000002,Barking and Dagenham,"33,600","105,600",31.8,3.9,"32,600","105,000",31.0,3.8,"32,800","105,000",31.3,3.8,"29,300","105,900",27.7,3.7,"31,800","108,400",29.3,3.6,"32,000","110,700",28.9,3.8,"31,800","115,200",27.6,3.5,"34,000","119,100",28.6,3.7,"33,400","120,400",27.7,3.6,"30,700","121,600",25.3,3.6,"35,100","125,000",28.1,3.9,"33,400","128,300",26.0,3.7,"36,000","131,100",27.5,3.7,"32,300","130,600",24.7,3.7,"37,200","135,700",27.4,4.1,"35,300","137,200",25.7,4.3,"35,100","139,100",25.2,5.7
E09000003,Barnet,"51,800","209,800",24.7,3.6,"54,900","214,700",25.6,4.0,"57,800","218,200",26.5,3.7,"60,300","219,900",27.4,3.5,"60,600","223,100",27.2,3.4,"63,900","227,700",28.0,4.0,"57,500","231,100",24.9,3.6,"57,900","234,200",24.7,3.7,"61,600","238,200",25.9,3.8,"56,000","240,000",23.3,3.8,"63,200","242,400",26.1,3.7,"60,300","244,000",24.7,3.7,"69,000","250,600",27.5,4.0,"57,600","249,700",23.1,3.7,"61,700","254,600",24.2,3.9,"56,200","259,200",21.7,4.1,"55,000","258,000",21.3,4.4
E09000004,Bexley,"29,300","139,200",21.0,3.6,"28,900","140,600",20.5,3.5,"28,800","140,500",20.5,3.3,"32,300","142,200",22.7,3.4,"32,200","143,700",22.4,3.6,"35,500","146,000",24.3,3.8,"33,600","146,400",22.9,3.4,"33,900","146,100",23.2,3.6,"31,200","147,000",21.2,3.7,"29,500","146,300",20.2,3.8,"30,200","150,100",20.2,3.7,"28,500","152,400",18.7,3.6,"28,900","156,500",18.5,3.5,"33,300","156,200",21.3,3.5,"33,100","156,900",21.1,3.6,"32,600","156,900",20.8,3.6,"28,300","159,200",17.8,3.9
E09000005,Brent,"54,600","181,100",30.1,3.6,"52,400","184,600",28.4,3.8,"54,500","186,600",29.2,4.1,"47,600","193,300",24.6,3.9,"47,700","199,300",24.0,3.4,"50,200","205,500",24.4,4.0,"64,200","212,500",30.2,4.2,"67,400","218,900",30.8,4.3,"54,100","214,800",25.2,3.4,"53,300","215,700",24.7,3.1,"57,000","214,700",26.5,3.1,"54,600","219,400",24.9,3.1,"54,100","218,200",24.8,3.4,"56,200","218,100",25.8,3.4,"54,400","219,700",24.7,3.8,"50,800","220,800",23.0,4.8,"59,000","220,700",26.8,5.9
E09000006,Bromley,"36,400","187,700",19.4,3.2,"32,500","188,900",17.2,3.1,"39,300","191,500",20.5,3.4,"32,700","192,300",17.0,3.1,"37,300","194,200",19.2,3.4,"39,200","194,000",20.2,3.9,"45,000","195,500",23.0,4.0,"43,500","199,100",21.9,3.6,"41,800","198,200",21.1,3.3,"40,000","202,500",19.7,3.1,"41,800","202,700",20.6,3.2,"40,700","202,400",20.1,3.2,"38,600","202,200",19.1,3.4,"37,000","203,200",18.2,3.5,"37,700","205,900",18.3,3.5,"40,100","209,700",19.1,3.5,"42,400","210,500",20.2,3.9
E09000007,Camden,"40,000","148,200",27.0,3.7,"46,000","151,400",30.4,4.1,"42,600","151,000",28.2,3.6,"43,100","152,200",28.3,3.2,"42,600","151,400",28.2,3.2,"43,800","153,200",28.6,3.5,"40,500","153,800",26.3,3.8,"51,800","157,200",32.9,4.1,"46,600","158,900",29.3,3.8,"51,300","163,500",31.4,3.8,"47,000","167,200",28.1,3.5,"48,400","173,300",27.9,3.9,"46,400","173,000",26.8,3.9,"50,900","176,100",28.9,4.1,"44,500","182,500",24.4,4.1,"47,800","185,600",25.8,4.3,"50,000","186,500",26.8,5.3
E09000008,Croydon,"48,700","220,200",22.1,3.3,"45,700","221,100",20.7,3.1,"50,800","225,200",22.6,3.2,"50,200","228,900",21.9,3.4,"49,900","231,500",21.6,3.8,"48,100","235,700",20.4,3.6,"52,900","238,100",22.2,3.7,"58,900","239,700",24.6,3.7,"46,900","239,100",19.6,3.5,"47,200","241,400",19.5,3.3,"50,600","243,800",20.7,3.6,"52,600","246,800",21.3,3.4,"44,900","245,500",18.3,3.2,"48,100","245,700",19.6,3.2,"52,400","251,100",20.9,3.6,"52,800","251,600",21.0,3.5,"47,400","247,300",19.2,4.0
E09000009,Ealing,"55,200","214,100",25.8,3.4,"58,500","215,700",27.1,3.4,"53,500","218,000",24.6,3.2,"59,900","219,500",27.3,3.5,"60,300","226,200",26.6,3.8,"60,000","227,900",26.3,3.6,"57,100","227,300",25.1,3.6,"55,100","228,200",24.1,3.8,"55,300","230,600",24.0,3.5,"58,700","229,000",25.6,3.6,"59,100","229,700",25.7,3.8,"51,200","226,700",22.6,3.3,"47,900","224,700",21.3,3.5,"46,500","226,300",20.5,3.9,"48,400","226,400",21.4,4.5,"52,300","221,300",23.6,4.7,"43,900","228,400",19.2,4.7
E09000010,Enfield,"49,500","182,700",27.1,3.8,"47,500","182,900",25.9,3.9,"47,400","184,800",25.7,3.7,"57,500","188,800",30.5,3.9,"52,100","192,600",27.1,3.4,"62,700","195,300",32.1,3.4,"60,800","197,300",30.8,3.4,"53,300","203,200",26.2,3.5,"57,600","204,200",28.2,3.9,"55,900","205,700",27.2,3.7,"53,300","207,800",25.7,3.8,"51,400","210,600",24.4,3.7,"53,600","211,800",25.3,3.9,"57,500","216,700",26.5,4.0,"57,800","216,200",26.7,4.2,"62,800","219,000",28.7,4.7,"61,100","222,100",27.5,5.3
E09000011,Greenwich,"40,200","151,000",26.6,3.4,"39,600","154,300",25.6,3.4,"42,200","157,600",26.8,3.6,"40,000","158,700",25.2,3.5,"46,900","160,900",29.1,3.9,"47,800","163,400",29.2,3.8,"43,800","167,900",26.1,3.4,"40,900","171,000",23.9,3.2,"38,800","174,400",22.3,3.4,"49,000","177,100",27.6,4.0,"44,700","179,100",24.9,4.0,"39,500","184,900",21.3,3.7,"39,100","184,800",21.1,3.9,"41,200","189,300",21.8,3.6,"47,200","194,800",24.2,4.0,"37,900","195,900",19.3,3.5,"38,600","197,500",19.5,4.4
E09000012,Hackney,"53,800","146,000",36.8,3.7,"60,400","148,800",40.6,3.9,"50,700","152,600",33.2,3.6,"46,400","158,300",29.3,3.5,"45,500","163,500",27.8,3.4,"41,400","169,200",24.5,3.3,"41,900","174,000",24.1,3.4,"48,600","178,900",27.2,3.5,"54,800","182,500",30.0,3.6,"55,200","185,600",29.8,3.7,"48,600","190,100",25.6,3.4,"51,700","193,500",26.7,3.6,"49,800","197,700",25.2,3.6,"50,400","200,000",25.2,3.8,"52,000","202,600",25.7,3.9,"50,000","206,600",24.2,3.9,"47,900","208,800",22.9,5.0
E09000013,Hammersmith and Fulham,"31,900","126,000",25.3,3.9,"31,000","127,000",24.4,3.2,"31,500","129,300",24.3,3.4,"30,700","130,200",23.6,3.6,"30,700","129,800",23.6,3.6,"35,000","132,900",26.3,3.8,"38,200","134,200",28.5,3.7,"37,800","135,300",27.9,3.4,"32,100","133,700",24.0,3.4,"32,900","133,300",24.7,3.4,"25,700","131,600",19.5,3.2,"24,800","130,200",19.0,3.4,"27,900","130,400",21.4,3.7,"27,100","129,900",20.9,3.9,"24,000","127,100",18.9,3.8,"27,100","126,500",21.4,4.3,"20,700","124,800",16.6,4.6
E09000014,Haringey,"55,600","157,700",35.2,3.4,"45,500","159,500",28.5,3.3,"43,600","163,600",26.6,3.5,"48,600","165,800",29.3,3.7,"55,800","171,900",32.5,3.8,"56,300","175,000",32.2,3.8,"56,300","176,900",31.8,3.8,"47,700","181,600",26.3,3.8,"50,100","181,500",27.6,3.9,"46,200","183,500",25.2,3.4,"47,500","185,400",25.6,3.5,"45,400","187,400",24.2,3.5,"44,700","192,100",23.3,3.4,"50,100","189,900",26.4,3.4,"44,500","196,900",22.6,3.5,"40,800","195,500",20.9,3.9,"43,400","197,800",21.9,4.7
E09000015,Harrow,"33,700","143,700",23.5,3.8,"35,800","145,800",24.5,3.8,"32,100","147,600",21.7,3.7,"34,100","148,800",23.0,3.6,"39,400","149,000",26.5,3.5,"32,000","151,900",21.1,3.5,"34,200","155,700",22.0,3.6,"33,600","156,800",21.4,3.3,"34,600","156,600",22.1,3.3,"38,700","156,700",24.7,3.3,"36,600","156,700",23.4,3.4,"35,300","157,100",22.5,3.4,"36,700","158,500",23.2,3.8,"28,600","156,500",18.3,3.5,"30,300","154,100",19.7,3.5,"43,200","157,100",27.5,4.9,"33,300","156,100",21.4,5.3
E09000016,Havering,"31,300","141,400",22.1,3.7,"32,200","143,700",22.4,3.7,"33,000","144,900",22.8,3.6,"30,200","144,900",20.8,3.3,"27,700","147,100",18.9,3.1,"33,300","149,700",22.3,3.5,"40,100","150,700",26.6,3.8,"29,900","151,500",19.8,3.7,"36,200","151,700",23.8,3.9,"34,700","151,700",22.9,3.8,"29,000","155,300",18.7,3.4,"30,100","155,200",19.4,3.5,"27,600","158,900",17.4,3.5,"32,400","158,800",20.4,3.6,"27,300","160,300",17.0,3.3,"33,300","161,200",20.7,3.7,"30,900","165,000",18.7,3.9
E09000017,Hillingdon,"35,700","162,600",21.9,3.4,"39,900","164,000",24.3,3.5,"37,600","166,500",22.6,3.5,"52,200","168,800",30.9,4.0,"39,700","171,000",23.2,3.3,"37,500","173,200",21.7,3.6,"44,300","175,300",25.3,3.8,"43,600","183,300",23.8,3.5,"41,900","185,400",22.6,3.6,"42,900","188,200",22.8,3.5,"43,700","190,600",22.9,3.4,"43,300","194,800",22.2,3.5,"41,000","194,300",21.1,3.7,"42,100","195,700",21.5,3.6,"43,000","199,400",21.6,3.6,"48,100","200,500",24.0,4.5,"34,500","203,400",16.9,4.8
E09000018,Hounslow,"36,000","150,300",24.0,3.2,"34,200","152,900",22.4,3.3,"32,700","157,600",20.7,3.1,"43,600","162,400",26.9,3.7,"40,800","164,000",24.9,3.7,"37,900","168,000",22.5,3.5,"38,400","171,800",22.4,3.4,"38,500","175,100",22.0,3.2,"38,700","175,900",22.0,3.4,"35,000","177,300",19.7,3.2,"36,700","179,500",20.5,3.5,"40,000","178,700",22.4,3.6,"40,300","179,500",22.4,4.1,"33,000","177,500",18.6,3.9,"33,000","181,800",18.2,4.5,"46,600","182,300",25.6,5.2,"36,700","178,700",20.5,5.4
E09000019,Islington,"40,200","130,800",30.7,3.6,"43,500","132,600",32.8,3.7,"37,700","134,400",28.1,3.6,"35,700","137,500",26.0,3.4,"38,100","140,700",27.1,3.4,"38,800","145,500",26.7,3.5,"41,900","146,800",28.6,3.5,"37,500","154,000",24.4,3.4,"43,600","158,500",27.5,3.9,"39,400","160,100",24.6,3.6,"42,500","164,100",25.9,3.8,"39,900","168,900",23.6,3.7,"42,700","172,500",24.8,3.8,"35,400","174,800",20.3,3.6,"34,600","175,800",19.7,3.9,"34,200","175,500",19.5,3.9,"39,400","181,500",21.7,5.1
E09000020,Kensington and Chelsea,"38,600","119,700",32.3,3.7,"35,800","122,000",29.4,3.6,"39,600","118,400",33.5,4.0,"35,400","116,700",30.3,4.0,"35,000","117,500",29.8,4.0,"37,900","117,900",32.1,4.1,"38,200","115,400",33.1,3.9,"37,400","113,800",32.9,3.7,"34,500","111,100",31.0,3.5,"32,400","109,800",29.5,3.5,"28,300","109,600",25.8,3.3,"31,700","109,500",28.9,3.5,"29,300","107,900",27.1,3.9,"27,300","104,600",26.1,4.2,"36,600","103,800",35.2,4.7,"31,200","103,800",30.1,4.7,"23,800","103,800",22.9,5.1
E09000021,Kingston upon Thames,"24,000","104,100",23.0,3.6,"24,200","105,700",22.9,3.5,"23,600","106,500",22.2,3.4,"27,000","106,300",25.4,3.8,"25,000","106,800",23.4,3.7,"23,200","107,200",21.6,3.6,"24,200","108,100",22.4,3.7,"28,300","109,400",25.9,3.7,"26,600","109,900",24.2,3.6,"23,500","110,800",21.2,3.5,"23,300","111,600",20.9,3.5,"25,200","113,000",22.3,3.7,"26,700","116,200",23.0,4.0,"24,700","114,800",21.5,3.8,"26,900","119,600",22.4,4.0,"22,900","118,300",19.3,3.9,"23,100","119,700",19.3,4.0
E09000022,Lambeth,"47,600","196,000",24.3,3.8,"54,300","199,600",27.2,3.7,"61,200","202,400",30.2,3.9,"50,700","207,800",24.4,3.3,"50,100","209,900",23.9,3.3,"40,500","216,000",18.7,3.2,"44,000","219,400",20.0,3.5,"40,900","224,700",18.2,3.2,"47,700","227,900",20.9,3.7,"35,600","232,800",15.3,3.3,"34,800","236,400",14.7,3.2,"38,900","236,600",16.4,3.5,"34,600","241,600",14.3,3.6,"36,600","243,400",15.0,3.7,"43,400","244,500",17.8,3.6,"40,900","244,600",16.7,3.4,"34,800","243,600",14.3,3.7
E09000023,Lewisham,"40,400","173,600",23.3,3.3,"41,100","175,800",23.4,3.4,"42,100","177,600",23.7,3.5,"45,200","181,200",24.9,3.5,"42,300","186,400",22.7,3.2,"41,600","188,900",22.0,3.6,"52,900","190,000",27.8,4.1,"50,600","194,900",26.0,3.7,"48,900","195,900",25.0,3.7,"39,600","196,800",20.1,3.3,"42,300","201,700",21.0,3.3,"40,100","206,000",19.5,3.5,"41,700","208,700",20.0,3.6,"27,900","207,900",13.4,3.1,"36,900","211,400",17.4,3.4,"34,700","215,700",16.1,3.3,"31,700","220,600",14.4,3.6
E09000024,Merton,"23,900","128,400",18.6,3.3,"31,200","130,700",23.9,3.7,"27,700","132,000",21.0,3.2,"24,700","133,300",18.6,3.2,"23,100","133,500",17.3,3.5,"28,800","135,600",21.2,3.5,"29,900","135,800",22.0,3.2,"30,100","136,300",22.1,3.3,"29,000","136,400",21.2,3.2,"27,600","138,700",19.9,3.5,"27,200","138,200",19.7,3.5,"24,200","138,200",17.5,3.3,"27,200","137,300",19.8,3.7,"24,900","135,400",18.4,3.9,"20,600","138,700",14.8,3.5,"21,900","139,000",15.8,3.3,"22,300","141,500",15.7,3.9
E09000025,Newham,"67,100","170,800",39.3,3.8,"65,800","171,500",38.4,3.8,"61,100","175,600",34.8,3.6,"65,400","181,700",36.0,3.7,"64,000","188,500",33.9,3.6,"68,100","196,200",34.7,3.6,"76,500","210,300",36.4,3.6,"77,700","218,700",35.5,3.5,"65,800","222,800",29.6,3.5,"66,400","225,500",29.5,3.4,"75,200","229,900",32.7,3.7,"64,500","236,100",27.3,3.4,"59,100","241,400",24.5,3.5,"64,400","242,000",26.6,4.0,"66,800","246,000",27.1,4.4,"63,300","251,600",25.2,4.4,"52,400","252,100",20.8,5.3
E09000026,Redbridge,"36,300","161,200",22.5,3.4,"50,700","164,200",30.9,3.9,"45,300","166,200",27.2,3.9,"50,400","170,000",29.6,3.9,"50,500","174,800",28.9,3.6,"48,600","177,600",27.4,3.7,"53,600","180,800",29.6,3.5,"54,300","182,500",29.7,3.5,"52,500","184,900",28.4,3.5,"46,900","189,600",24.8,3.4,"48,500","190,900",25.4,3.5,"49,200","193,300",25.5,3.5,"44,300","195,100",22.7,3.4,"47,300","196,000",24.2,3.4,"54,600","201,200",27.1,3.5,"54,300","202,100",26.8,4.0,"49,600","203,700",24.3,4.5
E09000027,Richmond upon Thames,"30,400","121,000",25.1,3.7,"26,100","122,100",21.4,3.3,"26,500","124,400",21.3,3.2,"23,800","123,600",19.3,3.2,"26,400","124,100",21.3,3.4,"26,400","122,500",21.6,3.6,"23,500","122,600",19.2,3.4,"28,200","125,300",22.5,3.7,"25,600","125,900",20.3,3.6,"24,700","124,800",19.8,3.3,"22,000","124,300",17.7,3.2,"21,300","123,000",17.3,3.4,"19,900","125,300",15.9,3.5,"29,000","125,800",23.1,3.9,"23,900","123,700",19.3,3.9,"22,300","125,100",17.9,3.9,"24,000","128,700",18.6,4.0
E09000028,Southwark,"47,100","179,800",26.2,3.7,"57,800","186,000",31.1,3.8,"55,100","190,800",28.9,3.7,"56,800","196,000",29.0,3.7,"54,000","199,900",27.0,3.4,"51,500","202,300",25.4,3.8,"46,900","206,800",22.7,3.7,"59,300","211,600",28.0,3.6,"50,600","213,700",23.7,3.4,"58,700","218,100",26.9,3.4,"45,700","219,900",20.8,3.0,"43,500","224,200",19.4,3.1,"41,500","225,500",18.4,3.3,"35,500","228,900",15.5,3.1,"40,400","232,500",17.4,3.3,"43,500","234,100",18.6,3.6,"31,200","233,300",13.4,3.6
E09000029,Sutton,"25,700","119,200",21.6,3.4,"21,100","119,800",17.6,3.3,"21,500","118,700",18.1,3.6,"23,300","119,000",19.6,3.7,"25,300","122,100",20.7,3.7,"23,100","123,000",18.8,3.5,"23,000","123,700",18.6,3.2,"25,200","124,400",20.2,3.5,"24,700","125,400",19.7,3.6,"21,100","125,500",16.8,3.7,"23,000","127,900",18.0,3.9,"22,400","129,200",17.4,3.7,"22,100","128,900",17.1,3.5,"20,900","129,800",16.1,3.4,"21,000","129,300",16.2,3.4,"21,700","131,800",16.5,3.2,"22,900","131,800",17.4,4.3
E09000030,Tower Hamlets,"56,600","147,100",38.4,3.4,"51,700","149,200",34.6,3.6,"58,500","154,100",38.0,3.7,"59,700","161,100",37.1,3.9,"51,300","168,700",30.4,3.5,"53,000","176,600",30.0,3.7,"55,800","182,300",30.6,3.6,"57,600","188,100",30.6,3.4,"58,400","193,300",30.2,3.5,"53,800","200,600",26.8,3.5,"49,500","209,300",23.7,3.4,"48,800","215,800",22.6,3.4,"49,200","220,300",22.3,3.8,"70,400","225,100",31.3,4.1,"52,300","230,300",22.7,4.2,"60,700","235,600",25.8,4.3,"53,500","235,700",22.7,5.5
E09000031,Waltham Forest,"47,800","150,800",31.7,3.6,"41,800","151,600",27.6,3.5,"43,600","156,000",27.9,3.8,"45,500","160,100",28.4,3.9,"49,600","163,900",30.2,3.8,"47,800","168,500",28.3,3.9,"46,300","174,000",26.6,3.5,"42,400","178,300",23.8,3.4,"44,900","177,800",25.3,3.7,"41,700","178,700",23.4,3.7,"44,400","178,600",24.9,4.0,"41,700","183,600",22.7,4.2,"38,600","184,500",20.9,4.0,"34,200","182,300",18.7,3.5,"36,400","186,700",19.5,3.8,"38,200","188,900",20.2,4.2,"39,400","189,000",20.8,4.6
E09000032,Wandsworth,"42,100","206,400",20.4,3.0,"47,200","209,200",22.5,3.7,"48,500","214,300",22.6,3.7,"45,700","216,600",21.1,3.7,"41,500","219,500",18.9,3.4,"38,900","222,900",17.5,3.4,"46,700","222,100",21.0,3.6,"42,100","224,900",18.7,3.5,"45,900","227,600",20.2,3.4,"40,800","228,000",17.9,3.5,"39,600","229,100",17.3,3.3,"39,100","232,500",16.8,3.3,"39,500","232,300",17.0,3.6,"42,700","230,400",18.5,3.8,"38,100","234,000",16.3,3.5,"38,000","235,800",16.1,3.6,"30,600","237,100",12.9,3.6
E09000033,Westminster,"49,200","158,000",31.2,3.5,"49,700","162,600",30.6,3.6,"54,000","167,600",32.2,3.7,"55,000","166,800",33.0,3.4,"50,800","161,300",31.5,3.4,"43,300","158,100",27.4,3.8,"50,000","157,400",31.7,4.4,"51,900","162,200",32.0,3.7,"48,400","163,500",29.6,3.4,"46,700","161,600",28.9,3.4,"47,900","163,600",29.3,3.4,"46,400","166,800",27.8,3.7,"46,200","167,400",27.6,3.8,"48,800","164,700",29.7,4.1,"48,300","172,500",28.0,4.4,"42,900","172,200",24.9,4.6,"40,900","170,900",24.0,5.8
E13000001,Inner London,"610,700","2,065,000",29.6,1.0,"631,600","2,104,100",30.0,1.0,"627,800","2,135,900",29.4,1.0,"618,700","2,175,300",28.4,1.0,"602,200","2,215,400",27.2,1.0,"591,000","2,260,200",26.1,1.0,"631,600","2,294,300",27.5,1.0,"641,600","2,348,100",27.3,1.0,"627,900","2,373,000",26.5,1.0,"599,700","2,401,400",25.0,1.0,"576,500","2,440,800",23.6,0.9,"565,100","2,486,300",22.7,1.0,"553,800","2,516,900",22.0,1.0,"571,400","2,528,600",22.6,1.0,"564,200","2,567,600",22.0,1.1,"556,300","2,591,500",21.5,1.1,"500,200","2,605,400",19.2,1.3
E13000002,Outer London,"724,100","2,974,100",24.3,0.8,"729,600","3,008,300",24.3,0.8,"730,700","3,047,600",24.0,0.8,"764,700","3,086,700",24.8,0.8,"766,300","3,136,100",24.4,0.8,"778,000","3,183,300",24.4,0.8,"804,200","3,229,700",24.9,0.8,"799,200","3,282,400",24.3,0.8,"775,200","3,297,000",23.5,0.8,"757,100","3,321,200",22.8,0.8,"769,400","3,348,800",23.0,0.8,"744,900","3,381,500",22.0,0.8,"736,500","3,404,000",21.6,0.8,"726,800","3,408,500",21.3,0.8,"746,700","3,456,500",21.6,0.9,"773,400","3,477,800",22.2,0.9,"727,500","3,500,500",20.8,1.0
E12000001,North East,"448,100","1,621,100",27.6,0.6,"437,900","1,630,300",26.9,0.6,"426,700","1,639,200",26.0,0.7,"427,000","1,650,800",25.9,0.8,"428,600","1,658,100",25.8,0.8,"443,000","1,661,600",26.7,0.8,"443,400","1,667,000",26.6,0.8,"457,500","1,668,600",27.4,0.8,"431,700","1,658,800",26.0,0.8,"434,100","1,654,800",26.2,0.8,"414,500","1,651,100",25.1,0.8,"409,200","1,647,400",24.8,0.8,"403,200","1,648,600",24.5,0.8,"405,300","1,646,000",24.6,0.8,"406,200","1,641,300",24.7,0.8,"409,900","1,637,100",25.0,0.8,"384,400","1,629,900",23.6,0.9
E12000002,North West,"1,129,600","4,356,800",25.9,0.4,"1,120,300","4,390,000",25.5,0.5,"1,123,500","4,427,100",25.4,0.5,"1,127,500","4,457,200",25.3,0.5,"1,159,700","4,477,600",25.9,0.5,"1,142,700","4,490,600",25.4,0.5,"1,131,100","4,507,000",25.1,0.5,"1,145,800","4,521,000",25.3,0.6,"1,110,100","4,499,800",24.7,0.6,"1,124,300","4,484,400",25.1,0.6,"1,135,000","4,478,200",25.3,0.6,"1,108,100","4,488,500",24.7,0.6,"1,101,600","4,502,500",24.5,0.6,"1,061,400","4,507,300",23.5,0.6,"1,037,200","4,498,500",23.1,0.6,"1,001,000","4,494,800",22.3,0.6,"1,015,400","4,489,900",22.6,0.7
E12000003,Yorkshire and The Humber,"787,800","3,226,200",24.4,0.6,"786,700","3,269,000",24.1,0.6,"786,100","3,295,400",23.9,0.6,"815,000","3,321,200",24.5,0.6,"811,300","3,344,900",24.3,0.7,"827,700","3,353,800",24.7,0.7,"837,800","3,366,600",24.9,0.7,"851,400","3,379,600",25.2,0.7,"806,900","3,371,500",23.9,0.7,"783,400","3,365,800",23.3,0.7,"795,200","3,361,300",23.7,0.7,"767,800","3,369,500",22.8,0.7,"792,900","3,378,800",23.5,0.7,"765,400","3,381,500",22.6,0.7,"773,800","3,380,400",22.9,0.7,"770,100","3,379,800",22.8,0.7,"748,500","3,374,900",22.2,0.8
E12000004,East Midlands,"636,500","2,742,100",23.2,0.5,"623,800","2,774,200",22.5,0.5,"605,400","2,808,000",21.6,0.8,"634,000","2,836,900",22.3,0.8,"621,000","2,856,200",21.7,0.8,"632,700","2,866,800",22.1,0.8,"674,900","2,881,600",23.4,0.8,"659,500","2,891,500",22.8,0.8,"646,300","2,884,600",22.4,0.8,"651,800","2,885,200",22.6,0.8,"636,700","2,895,400",22.0,0.8,"654,300","2,909,300",22.5,0.9,"642,300","2,929,600",21.9,0.9,"660,800","2,948,300",22.4,0.9,"638,700","2,939,500",21.7,0.9,"588,900","2,942,600",20.0,0.9,"605,100","2,946,700",20.5,1.0
E12000005,West Midlands,"826,200","3,377,000",24.5,0.5,"835,600","3,404,900",24.5,0.5,"841,900","3,436,200",24.5,0.7,"859,100","3,463,800",24.8,0.7,"861,900","3,488,800",24.7,0.7,"859,300","3,496,600",24.6,0.7,"903,300","3,511,700",25.7,0.7,"910,700","3,531,900",25.8,0.7,"886,400","3,527,800",25.1,0.7,"859,000","3,531,000",24.3,0.7,"876,900","3,539,900",24.8,0.7,"885,600","3,556,700",24.9,0.7,"882,000","3,584,200",24.6,0.7,"849,700","3,606,600",23.6,0.7,"826,600","3,601,900",23.0,0.7,"804,500","3,610,900",22.3,0.7,"802,800","3,616,200",22.2,0.8
E12000006,East,"700,500","3,470,400",20.2,0.5,"721,900","3,514,000",20.5,0.5,"748,900","3,552,700",21.1,0.7,"763,100","3,586,100",21.3,0.7,"763,100","3,615,100",21.1,0.7,"750,200","3,632,100",20.7,0.7,"785,200","3,660,900",21.4,0.7,"769,400","3,685,500",20.9,0.7,"742,500","3,674,200",20.2,0.7,"724,600","3,678,400",19.7,0.7,"741,500","3,699,500",20.0,0.7,"721,300","3,720,800",19.4,0.7,"749,700","3,737,400",20.1,0.7,"719,800","3,745,600",19.2,0.7,"720,400","3,759,800",19.2,0.7,"731,500","3,771,700",19.4,0.7,"744,700","3,785,100",19.7,0.8
E12000007,London,"1,334,800","5,039,000",26.5,0.6,"1,361,200","5,112,400",26.6,0.6,"1,358,400","5,183,500",26.2,0.6,"1,383,400","5,262,000",26.3,0.6,"1,368,500","5,351,500",25.6,0.6,"1,369,000","5,443,400",25.1,0.6,"1,435,800","5,524,000",26.0,0.6,"1,440,700","5,630,500",25.6,0.6,"1,403,000","5,670,000",24.7,0.6,"1,356,800","5,722,500",23.7,0.6,"1,345,900","5,789,600",23.2,0.6,"1,310,100","5,867,700",22.3,0.6,"1,290,300","5,920,900",21.8,0.6,"1,298,300","5,937,200",21.9,0.7,"1,310,900","6,024,100",21.8,0.7,"1,329,800","6,069,200",21.9,0.7,"1,227,800","6,105,900",20.1,0.8
E12000008,South East,"1,017,200","5,144,200",19.8,0.4,"1,018,700","5,204,200",19.6,0.4,"1,029,300","5,262,300",19.6,0.5,"1,055,900","5,317,500",19.9,0.5,"1,060,500","5,358,600",19.8,0.5,"1,080,900","5,383,700",20.1,0.5,"1,116,600","5,423,300",20.6,0.6,"1,141,100","5,448,600",20.9,0.5,"1,110,000","5,440,200",20.4,0.5,"1,086,800","5,447,100",20.0,0.5,"1,109,600","5,470,900",20.3,0.5,"1,085,300","5,499,300",19.7,0.5,"1,053,800","5,531,800",19.0,0.5,"1,031,900","5,542,600",18.6,0.5,"1,065,300","5,559,000",19.2,0.6,"1,003,000","5,574,000",18.0,0.6,"1,025,800","5,580,800",18.4,0.6
E12000009,South West,"671,500","3,124,200",21.5,0.5,"684,000","3,168,100",21.6,0.5,"677,100","3,199,900",21.2,0.6,"673,000","3,238,500",20.8,0.6,"668,400","3,253,400",20.5,0.6,"673,200","3,255,000",20.7,0.6,"700,800","3,266,900",21.5,0.7,"707,000","3,279,500",21.6,0.7,"705,500","3,270,600",21.6,0.7,"674,800","3,272,600",20.6,0.7,"649,400","3,280,900",19.8,0.6,"639,100","3,298,600",19.4,0.6,"653,400","3,311,600",19.7,0.7,"618,200","3,324,800",18.6,0.6,"621,200","3,324,200",18.7,0.7,"606,100","3,331,000",18.2,0.7,"625,200","3,339,500",18.7,0.8
W92000004,Wales,"506,300","1,858,000",27.3,0.5,"505,000","1,870,600",27.0,0.5,"507,600","1,885,500",26.9,0.6,"507,700","1,903,200",26.7,0.6,"510,000","1,916,300",26.6,0.6,"521,700","1,922,000",27.1,0.6,"525,600","1,924,800",27.3,0.6,"521,400","1,928,500",27.0,0.6,"507,400","1,918,800",26.4,0.6,"479,000","1,913,400",25.0,0.6,"483,700","1,909,300",25.3,0.6,"479,300","1,906,300",25.1,0.6,"481,200","1,908,900",25.2,0.6,"457,100","1,909,900",23.9,0.6,"446,200","1,911,300",23.3,0.6,"450,800","1,909,500",23.6,0.6,"463,000","1,894,300",24.4,0.8
S92000003,Scotland,"765,100","3,289,200",23.3,0.5,"758,600","3,310,500",22.9,0.4,"739,100","3,331,100",22.2,0.4,"753,700","3,359,300",22.4,0.5,"764,300","3,378,600",22.6,0.5,"766,800","3,394,000",22.6,0.5,"784,600","3,411,800",23.0,0.5,"794,600","3,434,100",23.1,0.5,"793,900","3,420,100",23.2,0.5,"790,300","3,416,300",23.1,0.5,"769,300","3,414,600",22.5,0.5,"764,000","3,424,100",22.3,0.5,"799,400","3,435,500",23.3,0.6,"776,500","3,440,800",22.6,0.6,"777,600","3,442,700",22.6,0.6,"772,800","3,442,200",22.5,0.6,"796,700","3,436,500",23.2,0.7
N92000002,Northern Ireland,"331,000","1,091,500",30.3,1.3,"328,900","1,105,000",29.8,1.3,"330,900","1,119,000",29.6,1.3,"323,400","1,133,900",28.5,1.3,"334,100","1,145,300",29.2,1.3,"347,000","1,152,000",30.1,1.3,"336,800","1,157,000",29.1,1.4,"319,900","1,159,700",27.6,1.3,"320,000","1,158,600",27.6,1.3,"318,100","1,158,100",27.5,1.4,"319,900","1,160,900",27.6,1.4,"315,500","1,164,800",27.1,1.4,"303,300","1,166,700",26.0,1.4,"322,600","1,167,400",27.6,1.4,"318,000","1,167,700",27.2,1.3,"305,500","1,167,600",26.2,1.1,"314,500","1,166,100",27.0,1.3
E92000001,England,"7,552,200","32,101,000",23.5,0.2,"7,590,100","32,467,100",23.4,0.2,"7,597,200","32,804,200",23.2,0.2,"7,738,100","33,134,000",23.4,0.2,"7,742,900","33,404,300",23.2,0.2,"7,778,600","33,583,700",23.2,0.2,"8,028,900","33,808,900",23.7,0.2,"8,083,300","34,036,700",23.7,0.2,"7,842,400","33,997,400",23.1,0.2,"7,695,800","34,041,900",22.6,0.2,"7,704,700","34,166,900",22.6,0.2,"7,580,900","34,358,000",22.1,0.2,"7,569,200","34,545,400",21.9,0.2,"7,410,700","34,639,800",21.4,0.2,"7,400,400","34,728,600",21.3,0.2,"7,244,700","34,811,200",20.8,0.2,"7,179,600","34,869,000",20.6,0.3
K04000001,England and Wales,"8,058,500","33,959,000",23.7,0.2,"8,095,100","34,337,700",23.6,0.2,"8,104,800","34,689,800",23.4,0.2,"8,245,800","35,037,200",23.5,0.2,"8,253,000","35,320,600",23.4,0.2,"8,300,300","35,505,700",23.4,0.2,"8,554,400","35,733,600",23.9,0.2,"8,604,700","35,965,300",23.9,0.2,"8,349,800","35,916,200",23.2,0.2,"8,174,800","35,955,400",22.7,0.2,"8,188,400","36,076,200",22.7,0.2,"8,060,200","36,264,300",22.2,0.2,"8,050,500","36,454,300",22.1,0.2,"7,867,800","36,549,700",21.5,0.2,"7,846,500","36,639,900",21.4,0.2,"7,695,500","36,720,700",21.0,0.2,"7,642,600","36,763,300",20.8,0.2
K03000001,Great Britain,"8,823,700","37,248,300",23.7,0.1,"8,853,800","37,648,300",23.5,0.2,"8,843,900","38,020,900",23.3,0.2,"8,999,600","38,396,500",23.4,0.2,"9,017,300","38,699,200",23.3,0.2,"9,067,100","38,899,700",23.3,0.2,"9,339,000","39,145,400",23.9,0.2,"9,399,300","39,399,400",23.9,0.2,"9,143,700","39,336,300",23.2,0.2,"8,965,000","39,371,700",22.8,0.2,"8,957,700","39,490,700",22.7,0.2,"8,824,100","39,688,400",22.2,0.2,"8,849,900","39,889,800",22.2,0.2,"8,644,300","39,990,500",21.6,0.2,"8,624,100","40,082,600",21.5,0.2,"8,468,400","40,162,900",21.1,0.2,"8,439,300","40,199,800",21.0,0.2
K02000001,United Kingdom,"9,154,600","38,339,800",23.9,0.1,"9,182,700","38,753,300",23.7,0.2,"9,174,800","39,139,900",23.4,0.2,"9,322,900","39,530,400",23.6,0.2,"9,351,400","39,844,500",23.5,0.2,"9,414,100","40,051,700",23.5,0.2,"9,675,800","40,302,400",24.0,0.2,"9,719,200","40,559,100",24.0,0.2,"9,463,700","40,494,900",23.4,0.2,"9,283,100","40,529,800",22.9,0.2,"9,277,600","40,651,700",22.8,0.2,"9,139,600","40,853,200",22.4,0.2,"9,153,200","41,056,500",22.3,0.2,"8,966,900","41,157,900",21.8,0.2,"8,942,200","41,250,300",21.7,0.2,"8,773,900","41,330,500",21.2,0.2,"8,753,900","41,365,800",21.2,0.2
